Idusuario,Deslogin,Dessenha,Dtcadastro
1,Júnior,1234567890,2018-12-29 09:10:30
2,Lima,qwerty,2018-12-16 17:58:11
4,Junior,1234567890,2018-12-16 17:39:43
6,Junior,1234567890,2018-12-16 17:42:31
8,Christian Lima,1234567890,2018-12-20 17:44:01
9,Junior,1234567890,2018-12-16 17:44:08
10,Michael,1234567890,2018-12-20 17:43:25
11,Junior,1234567890,2018-12-16 17:44:50
12,Bruna Lima,1234567890,2018-12-20 17:43:42
13,pao,ovo,2018-12-24 18:07:32
14,barco,321654,2018-12-24 18:19:16
15,notbook,carregador,2018-12-24 18:21:49
16,Coelho,branquinho,2018-12-24 18:36:11
17,aluno,@lun0,2018-12-25 21:01:14
18,professor,testesenha,2018-12-26 09:47:26
19,aluno,@lun0,2018-12-26 09:09:19
20,Livro,boaleitura,2018-12-29 09:06:58
21,Pão,cafe,2018-12-29 09:10:04
